accession_ID,aro_res ,gly_res ,distance,n_strand_aro,n_strand_glycine,chi1,chi2
YP_003498028.1,F511,G531,3.6393,1,2,65.823,-85.769
YP_003498028.1,F587,G628,3.4443,5,6,68.393,-91.819
YP_003498028.1,F638,G679,3.4992,7,8,70.035,-92.405
YP_003498028.1,Y577,G550,3.5674,4,3,61.124,-83.57
YP_003498028.1,Y642 ,G675,3.9255,7,8,67.875,-91.06
YP_003498028.1,Y692,G728,3.5047,9,10,61.515,-96.334
YP_003498028.1,Y740,G760,3.6816,11,12,53.542,-83.299
YP_003498028.1,W507,G535,3.3885,1,2,54.782,-96.295
YP_003611354.1,Y657,G624,3.5078,4,3,64.105,-93.29
YP_003611354.1,Y657,G625,5.2254,4,3,64.105,-93.29
YP_003611354.1,Y775,G810,3.5342,9,10,70.867,-94.992
YP_003611354.1,W579,G608,3.4907,1,2,55.798,-95.094
YP_001439654.1,Y609,G600,3.7226,2,1,74.472,-91.301
YP_001439654.1,Y668,G635,3.5487,4,3,63.091,-93.852
YP_001439654.1,Y692,G662,5.0467,5,4,-51.411,-90.236
YP_001439654.1,Y787,G822,3.7292,8,9,68.55,-93.802
YP_001439654.1,W590,G619,3.4372,1,2,57.265,-93.131
YP_003036351.1,F339,G309,5.3278,5,4,-57.388,-87.422
YP_003036351.1,Y315,G282,3.4383,4,3,64.544,-96.664
YP_003036351.1,Y444,G479,3.9217,9,10,73.787,-94.114
YP_003036351.1,W236,G265,3.5799,1,2,59.323,-96.468
YP_003036351.1,W236,G266,5.2428,1,2,59.323,-96.468
YP_003036351.1,W491,G511,3.4302,11,12,63.469,101.345
YP_002235783.1,F817,G852,3.6645,5,4,73.057,-94.688
YP_002235783.1,F715,G685,5.518,9,10,-57.26,-87.897
YP_002235783.1,Y705,G741,3.6225,9,8,71.834,-87.958
YP_002235783.1,Y691,G658,3.5323,10,11,66.996,-93.66
YP_002235783.1,W864,G884,3.4171,11,12,65.509,96.96
YP_002235783.1,W864,G885,5.2132,11,12,65.509,96.96
YP_002235783.1,W612,G641,3.4546,1,2,58.468,-99.012
NP_836858.1,F596,G566,4.9508,5,4,-61.793,-84.204
NP_836858.1,F701,G736,3.5794,9,10,71.357,-95.887
NP_836858.1,Y572,G539,3.4801,4,3,63.489,-94.998
NP_836858.1,W493,G522,3.4243,1,2,58.458,-98.768
NP_836858.1,W748,G768,3.542,11,12,67.266,100.301
YP_003519384.1,F811,G781,5.1693,5,4,-61.995,-85.254
YP_003519384.1,F913,G948,3.6764,9,10,71.555,-94.29
YP_003519384.1,Y787,G754,3.5165,4,3,66.487,-92.511
YP_003519384.1,Y801,G837,3.8054,5,6,74.316,-92.214
YP_003519384.1,W708,G737,3.4431,1,2,60.551,-98.192
YP_003519384.1,W708,G738,5.1599,1,2,60.551,-98.192
YP_003519384.1,W960,G980,3.3817,11,12,67.324,100.07
YP_003466161.1,F767,G794,3.6153,3,4,68.518,-90.413
YP_003466161.1,F816,G837,5.0176,5,6,-56.925,-86.883
YP_003466161.1,F908,G940,4.8016,9,10,63.653,-91.541
YP_003466161.1,F908,G941,3.5484,9,10,63.653,-91.541
YP_003466161.1,F816,G790,5.3836,5,4,-56.925,-86.883
YP_003466161.1,W717,G749,3.4889,1,2,56.663,-94.761
YP_003466161.1,Y741,G725,3.5213,2,1,68.021,-92.79
YP_003466161.1,Y806,G845,3.6942,5,6,73.549,-91.095
YP_003466161.1,Y906,G943,3.6299,9,10,58.173,-92.769
YP_003466161.1,Y906,G944,4.9665,9,10,58.173,-92.769
YP_003466161.1,Y956,G979,3.6466,11,12,66.357,-84.244
YP_001399492.1,F837,G807,5.1609,5,4,-53.887,-87.988
YP_001399492.1,F933,G967,3.6381,9,10,71.826,-96.969
YP_001399492.1,Y757,G740,3.7293,2,1,62.009,-89.201
YP_001399492.1,Y757,G739,5.8074,2,1,62.009,-89.201
YP_001399492.1,Y813,G780,3.4618,4,3,62.763,-93.092
YP_001399492.1,W734,G763,3.5503,1,2,58.876,-97.015
YP_001399492.1,W734,G764,5.2235,1,2,58.876,-97.015
YP_001399492.1,W979,G999,3.4719,11,12,65.203,98.999
YP_651760.1,Y1082,G1121,3.675,5,6,71.605,-90.962
YP_651760.1,Y1191,G1227,3.6734,9,10,67.423,-88.803
YP_651760.1,Y1191,G1228,5.3888,9,10,67.423,-88.803
YP_651760.1,Y1240,G1263,3.6153,11,12,60.575,-86.465
YP_651760.1,W993,G1024,3.7229,1,2,56.829,-95.388
YP_002382924.1,F735,G705,5.1454,5,4,-57.166,-88.923
YP_002382924.1,F840,G875,3.6067,9,10,71.674,-94.281
YP_002382924.1,Y711,G678,3.5691,4,3,64.281,-93.335
YP_002382924.1,W632,G661,3.4296,1,2,60.269,-97.953
YP_002382924.1,W887,G907,3.4293,11,12,64.795,101.29
YP_003256083.1,Y662,G635,3.5952,4,3,57.85,-92.698
YP_003256083.1,Y662,G636,4.659,4,3,57.85,-92.698
YP_003256083.1,Y769,G748,4.9372,9,8,-59.735,-95.718
YP_003256083.1,Y813,G829,3.6622,11,12,68.798,-93.446
YP_003256083.1,W594,G622,3.4336,1,2,56.302,-93.194
YP_003365633.1,Y806,G844,3.586,7,8,63.478,-88.868
YP_003365633.1,Y918,G929,3.5902,11,12,69.997,-90.417
YP_002932652.1,F966,G1000,3.5874,9,10,65.754,-94.34
YP_002932652.1,Y846 ,G813,3.5533,4,3,70.231,-89.071
YP_002932652.1,W768,G797,3.4939,1,2,57.409,-99.122
YP_002932652.1,W768,G798,5.1729,1,2,57.409,-99.122
YP_248169.1,F538,G508,4.6713,5,4,-58.239,-92.039
YP_248169.1,F637,G671,3.6126,9,10,63.789,-92.325
YP_248169.1,Y514,G481,3.5122,4,3,66.987,-91.561
YP_248169.1,Y528,G563,3.7342,5,6,74.772,-89.614
YP_248169.1,W436,G465,3.4669,1,2,59.423,-95.163
YP_248169.1,W436,G466,5.623,1,2,59.423,-95.163
YP_003942976.1,F847,G817,4.8749,5,4,-59.506,-91
YP_003942976.1,Y823,G790,3.3882,4,3,65.307,-95.375
YP_003942976.1,Y837,G873,3.6565,5,6,74.235,-92.513
YP_003942976.1,Y948,G983,3.5867,9,10,70.282,-93.883
YP_003942976.1,W744,G773,3.4848,1,2,59.228,-96.505
YP_003942976.1,W995,G1015,3.4726,11,12,64.133,99.571
YP_001175239.1,F1117,G1097,3.6158,2,1,66.855,-92.308
YP_001175239.1,F1163,G1144,3.418,4,3,64.974,-91.611
YP_001175239.1,F1161,G1146,3.6639,4,3,73.481,-87.194
YP_001175239.1,Y1169,G1138,3.5667,4,3,58.812,-90.773
YP_001175239.1,W1091,G1123,3.4361,1,2,59.654,-89.429
YP_002475245.1,F928,G964,3.5407,7,8,70.453,-88.322
YP_002475245.1,F1034,G1054,3.4338,11,12,58.486,-92.032
YP_002475245.1,Y795,G823,3.5408,1,2,56.306,-96.8
YP_002475245.1,Y863,G834,3.4352,4,3,58.264,-86.864
YP_002475245.1,Y872,G915,3.6069,5,6,71.566,-88.328
YP_261468.1,F991,G1026,3.687,9,10,68.793,-94.72
YP_261468.1,F1042,G1054,3.5625,11,12,63.392,-91.459
YP_261468.1,F1042,G1055,5.019,11,12,63.392,-91.459
YP_261468.1,Y894,G864,5.3639,5,4,-49.772,-97.486
YP_261468.1,Y870,G829,3.5568,4,3,66.995,-95.201
YP_261468.1,Y884,G919,3.6506,5,6,72.939,-95.271
YP_261468.1,W782,G812,3.5315,1,2,58.455,-95.844
YP_261468.1,W782,G813,5.3075,1,2,58.455,-95.844
NP_245937.1,F826,G859,3.7279,1,2,70.693,-93.091
NP_245937.1,F826,G860,5.2712,1,2,70.693,-93.091
NP_245937.1,Y853,G832,3.6803,2,1,66.793,-89.313
NP_245937.1,Y896,G926,4.8724,4,5,-56.28,-86.623
YP_003016740.1,F955,G974,3.604,11,12,68.445,-91.02
YP_003016740.1,F955,G973,4.7582,11,12,68.445,-91.02
YP_003016740.1,Y725,G713,3.619,2,1,61.283,-84.208
YP_003016740.1,Y775,G746,3.7552,4,3,59.329,-91.065
YP_003016740.1,Y785,G827,3.538,5,6,71.467,-90.652
YP_003016740.1,Y841,G878,3.5262,7,8,62.779,-95.406
YP_003016740.1,W705,G733,3.5213,1,2,60.271,-92.448
YP_003016740.1,W892,G947,3.6449,9,10,59.039,-94.114
YP_001005688.1,F630,G672,3.701,7,8,69.192,-92.902
YP_001005688.1,Y521,G507,3.7238,2,1,61.177,-91.007
YP_001005688.1,Y521,G506,5.1925,2,1,61.177,-91.007
YP_001005688.1,Y569,G542,3.5202,4,3,61.029,-89.766
YP_001005688.1,Y596,G604,3.4164,5,6,58.236,-92.798
YP_001005688.1,Y596,G603,5.8994,5,6,58.236,-92.798
YP_001005688.1,Y647,G608,5.0543,7,6,62.619,-88.161
YP_001005688.1,Y580,G620,3.7967,5,6,69.893,-87.408
YP_001005688.1,Y684,G724,3.5627,9,10,58.26,-91.445
YP_001005688.1,Y738,G758,3.3013,11,12,52.779,-87.948
YP_001005688.1,W501,G527,3.4697,1,2,57.337,-91.156
YP_001437915.1,F392,G420,3.616,1,2,66.326,-83.402
YP_001437915.1,F460,G432,3.5764,4,3,67.628,-94.085
YP_001437915.1,F634,G654,3.4723,11,12,60.625,-97.102
YP_001437915.1,Y578,G622,3.8359,9,10,73.109,-82.147
YP_001437915.1,W469,G513,3.4859,5,6,52.77,-93.301
YP_002443080.1,F374,G403,3.7357,1,2,71.839,-89.09
YP_002443080.1,F444,G415,3.5458,4,3,63.725,-94.893
YP_002443080.1,F513,G551,3.6177,7,8,68.859,-93.092
YP_002443080.1,F565,G610,3.6261,9,10,50.688,-92.889
YP_002443080.1,W453,G497,3.5576,5,6,63.218,-92.083
YP_606216.1,F362,G391,3.6971,1,2,72.892,-87.874
YP_606216.1,F362,G392,5.802,1,2,72.892,-87.874
YP_606216.1,F432,G403,3.5181,4,3,66.792,-95.939
YP_606216.1,F500,G538,3.6122,7,8,69.935,-93.612
YP_606216.1,F552,G597,3.4853,9,10,63.463,-91.307
YP_606216.1,W441,G485,3.5177,5,6,62.814,-91.459
YP_350845.1,F434,G405,3.5069,4,3,65.665,-94.009
YP_350845.1,F503,G541,3.5795,7,8,69.262,-93.942
YP_350845.1,F555,G600,3.5527,9,10,53.818,-96.487
YP_350845.1,W443,G487,3.5008,5,6,63.722,-90.861
YP_001265806.1,F358,G387,3.5962,1,2,71.939,-90.227
YP_001265806.1,F358,G388,5.6329,1,2,71.939,-90.227
YP_001265806.1,F428,G399,3.5034,4,3,64.601,-95.315
YP_001265806.1,F496,G534,3.6277,7,8,69.927,-92.696
YP_001265806.1,F548,G593,3.4219,9,10,58.449,-90.812
YP_001265806.1,W437,G481,3.5705,5,6,63.593,-90.829
YP_001173607.1,F368,G394,3.4629,1,2,63.916,-91.542
YP_001173607.1,F435,G406,3.6609,4,3,64.48,-88.61
YP_001173607.1,F444,G488,3.6775,5,6,71.759,-90.924
YP_001173607.1,F543,G501,3.9086,8,7,72.575,-90.683
YP_001173607.1,F503,G541,3.6903,7,8,70.563,-96.218
YP_001173607.1,F555,G601,3.5843,9,10,59.619,-90.42
YP_272949.1,F439,G410,3.5739,4,3,69.652,-95.607
YP_272949.1,F507,G545,3.5755,7,8,69.615,-95.046
YP_272949.1,F467,G474,3.7822,5,6,46.015,-92.229
YP_272949.1,W448,G492,3.5219,5,6,62.754,-91.842
YP_272949.1,W559,G604,3.5598,9,10,48.61,-97.25
YP_215595.1,F390,G417,3.6698,1,2,67.353,-81.837
YP_215595.1,F457,G429,3.5695,4,3,68.785,-92.57
YP_215595.1,F457,G430,4.8651,4,3,68.785,-92.57
YP_215595.1,F631,G651,3.4575,11,12,61.653,-98.406
YP_215595.1,F602,G593,5.6475,9,8,68.225,-78.047
YP_215595.1,F602,G594,5.6396,9,8,68.225,-78.047
YP_215595.1,F549,G593,4.1794,7,8,-57.188,-85.248
YP_215595.1,W466 ,G510,3.3771,5,6,54.953,-92.802
YP_215595.1,W575,G619,3.3742,9,10,58.877,-92.494
YP_003626584.1,Y423,G447,3.672,3,4,64.282,-84.135
YP_003626584.1,Y495,G464,3.5504,6,5,56.464,-88.717
YP_003626584.1,Y449 ,G421,3.4341,4,3,64.614,-95.793
YP_003626584.1,Y514,G553,3.5343,7,8,68.351,-96.44
YP_003626584.1,W386,G410,3.4301,1,2,59.666,-99.405
YP_003040086.1,F396,G410,3.7297,1,2,70.062,-81.778
YP_003040086.1,F542,G586,5.3805,8,9,-57.73,-82.768
YP_003040086.1,F624,G644,3.4884,11,12,60.467,-96.218
YP_003040086.1,Y471,G441,5.8721,5,4,-62.499,-76.924
YP_003040086.1,Y471,G493,5.5393,5,6,-62.499,-76.924
YP_003040086.1,Y449 ,G422,3.5875,4,3,66.026,-88.568
YP_003040086.1,Y449 ,G423,4.898,4,3,66.026,-88.568
YP_003040086.1,Y568,G612,3.5211,9,10,67.961,-88.164
YP_003040086.1,W459,G503,3.5917,5,6,56.283,-92.726
YP_002145551.1,F390,G417,3.6582,1,2,68.485,-81.416
YP_002145551.1,F457,G429,3.5774,4,3,67.493,-92.98
YP_002145551.1,F457,G430,4.8759,4,3,67.493,-92.98
YP_002145551.1,F478,G500,5.3014,5,6,-58.759,-78.988
YP_002145551.1,F631,G651,3.4959,11,12,61.53,-99.019
YP_002145551.1,W466,G510,3.4316,5,6,54.116,-95.886
YP_002145551.1,W575,G619,3.388,9,10,59.608,-90.748
YP_366175.1,F1352,G1339,3.7058,2,1,69.793,-94.87
YP_366175.1,F1411,G1452,3.5314,5,6,66.601,-94.884
YP_366175.1,Y1401,G1372,3.6095,4,3,59.119,-89.809
YP_366175.1,Y1465,G1503,3.5855,7,8,65.713,-88.097
YP_366175.1,W1331,G1360,3.6392,1,2,64.881,-89.239
YP_003712344.1,F414,G428,3.8958,1,2,75.639,-82.263
YP_003712344.1,F643,G663,3.4683,11,12,60.701,-91.919
YP_003712344.1,F614,G605,5.0361,9,10,73.032,-76.732
YP_003712344.1,Y468,G440,3.5339,4,3,64.873,-89.322
YP_003712344.1,Y490,G460,5.5498,5,4,-60.485,-76.961
YP_003712344.1,Y566,G544,3.5874,8,7,63.208,-95.637
YP_003712344.1,Y587,G631,3.6305,9,10,68.778,-89.511
YP_003712344.1,W478,G522,3.4905,5,6,56.725,-91.15
YP_003468096.1,F396,G410,3.8635,1,2,74.834,-84.627
YP_003468096.1,F625,G645,3.5316,11,12,62.932,-93.897
YP_003468096.1,Y450,G422,3.5833,4,3,68.221,-85.114
YP_003468096.1,Y548,G526,3.4933,8,7,64.206,-94.425
YP_003468096.1,Y569,G613,3.6175,9,10,67.907,-96.395
YP_003468096.1,W460,G504,3.5067,5,6,56.386,-92.91
YP_001454655.1,F736,G706,5.1163,5,4,-57.683,-90.905
YP_001454655.1,F836,G871,3.6979,9,10,72.378,-93.005
YP_001454655.1,Y726,G761,4.6108,5,6,74.732,-93.182
YP_001454655.1,Y726,G762,3.6911,5,6,74.732,-93.182
YP_001454655.1,Y712,G679,3.5298,4,3,65.792,-95.631
YP_001454655.1,W633,G662,3.4904,1,2,59.375,-98.713
YP_001454655.1,W633,G663,5.2607,1,2,59.375,-98.713
YP_001454655.1,W883,G903,3.4564,11,12,63.477,99.063
YP_002402715.1,F1629,G1599,5.2993,5,4,-57.82,-87.967
YP_002402715.1,Y1605,G1572,3.425,4,3,64.622,-96.643
YP_002402715.1,Y1734,G1769,3.9675,9,10,74.008,-93.16
YP_002402715.1,W1526,G1555,3.6095,1,2,59.444,-95.881
YP_002402715.1,W1526,G1556,5.3182,1,2,59.444,-95.881
YP_002402715.1,W1781,G1801,3.4702,11,12,64.312,100.269
YP_003363855.1,F828,G798,5.191,5,4,-57.847,-94.212
YP_003363855.1,F931,G966,3.7414,9,10,72.724,-91.695
YP_003363855.1,Y804,G771,3.499,4,3,65.625,-94.035
YP_003363855.1,W725,G754,3.4373,1,2,58.933,-99.562
YP_003363855.1,W725,G755,5.2113,1,2,58.933,-99.562
YP_003363855.1,W978,G998,3.4768,11,12,63.471,99.177
YP_002148692.1,F783,G753,5.2092,5,4,-55.623,-89.772
YP_002148692.1,F883,G918,3.7685,9,10,71.581,-92.695
YP_002148692.1,Y759,G726,3.4827,4,3,65.409,-96.319
YP_002148692.1,W680,G709,3.3984,1,2,59.43,-99.493
YP_002148692.1,W680,G710,5.1345,1,2,59.43,-99.493
YP_002148692.1,W930 ,G950,3.4966,11,12,65.846,101.486
YP_001883237.1,F925,G895,5.4317,5,4,-51.139,-86.357
YP_001883237.1,F1030,G1065,3.8296,9,10,73.32,-91.419
YP_001883237.1,Y901,G868,3.5153,4,3,66.615,-94.891
YP_001883237.1,Y915,G951,3.6535,5,6,74.908,-92.308
YP_001883237.1,W822,G851,3.5281,1,2,57.154,-96.64
YP_001883237.1,W822,G852,5.1087,1,2,57.154,-96.64
YP_001883237.1,W919,G946,4.8664,5,6,58.609,-97.991
YP_001883237.1,W1077,G1097,3.5914,11,12,69.564,100.019
YP_406215.1,F925,G895,5.3939,5,4,-52.108,-82.938
YP_406215.1,F1030,G1065,3.7632,9,10,72.614,-91.33
YP_406215.1,Y901,G868,5.2416,4,3,64.511,-96.959
YP_406215.1,Y915,G951,5.4575,5,6,73.936,-92.318
YP_406215.1,W822,G851,3.548,1,2,56.536,-93.535
YP_406215.1,W822,G852,5.1926,1,2,56.536,-93.535
YP_406215.1,W919,G946,4.9311,5,6,57.869,-98.028
YP_313398.1,F925,G895,5.4265,5,4,-51.7,-84.38
YP_313398.1,F1030,G1065,3.7872,9,10,73.064,-90.939
YP_313398.1,Y901,G868,3.4721,4,3,65.304,-95.773
YP_313398.1,Y915,G951,3.637,5,6,74.425,-91.958
YP_313398.1,W822,G851,3.5519,1,2,56.852,-94.28
YP_313398.1,W822,G852,5.1402,1,2,56.852,-94.28
YP_313398.1,W919,G946,4.8717,5,4,58.876,-98.384
YP_313398.1,W1077,G1097,3.5518,11,12,57.294,-89.824
NP_858315.1,F925,G895,5.1499,5,4,-56.408,-93.172
NP_858315.1,F1030,G1065,3.8514,9,10,73.132,-92.087
NP_858315.1,Y901,G868,3.5389,4,3,67.712,-95.391
NP_858315.1,W822,G851,3.5393,1,2,57.329,-96.554
NP_858315.1,W822,G852,5.0698,1,2,57.329,-96.554
NP_858315.1,W919,G946,4.9956,5,6,57.601,-99.908
NP_858315.1,W1077,G1097,3.5744,11,12,67.974,99.918
YP_003941325.1,F1291 ,G1261,5.2147,5,4,-58.503,-88.339
YP_003941325.1,Y1267,G1234,3.5036,4,3,66.277,-98.022
YP_003941325.1,W1188,G1217,3.5103,1,2,60.825,-97.516
YP_003941325.1,W1188,G1218,5.3842,1,2,60.825,-97.516
YP_003941325.1,W1443,G1463,3.4273,11,12,62.704,101.854
YP_003626786.1,F763, G799,3.5615,5,6,69.036,-94.479
YP_003626786.1,F869,G897,3.4783,9,10,63.859,-88.108
YP_003626786.1,Y751,G723,3.4872,4,3,63.627,-84.506
YP_003626786.1,Y725,G749,3.4937,3,4,64.197,-93.587
YP_003626786.1,Y863,G903,3.5592,9,10,62.414,-95.547
YP_003626786.1,W685,G712,3.5685,1,2,54.516,-97.342
YP_003261267.1,F786,G811,3.5706,3,4,67.71,-84.757
YP_003261267.1,F861,G826,3.5871,6,5,62.293,-90.385
YP_003261267.1,F878,G915,3.7073,7,8,70.594,-89.603
YP_003261267.1,Y747,G768,3.9394,1,2,64.921,-88.785
YP_003261267.1,Y813,G784,3.665,4,3,62.127,-85.486
YP_003261267.1,W743,G772,3.4415,1,2,60.431,-90.671
YP_001971207.1,F684,G704,5.2402,1,2,69.515,-78.352
YP_001971207.1,F684,G705,3.8751,1,2,69.515,-78.352
YP_001971207.1,F833,G844,3.7435,7,8,73.877,-97.907
YP_001971207.1,F903,G894,4.1091,10,9,50.052,-94.753
YP_001971207.1,Y752,G722,3.4167,4,3,60.098,-91.927
YP_001971207.1,W680,G709,3.4786,1,2,62.973,-90.396
YP_272622.1,F882,G847,3.6546,6,5,69.332,-88.483
YP_272622.1,F899,G936,3.6366,7,8,72.579,-90.114
YP_272622.1,Y834,G805,3.7988,4,3,61.569,-87.714
YP_272622.1,W764,G793,3.4788,1,2,59.96,-92.479
YP_002934667.1,F568,G535,5.5255,7,6,-62.503,-79.357
YP_002934667.1,Y490,G461,3.532,4,3,60.054,-88.632
YP_002934667.1,W420,G449,3.3358,1,2,58.529,-94.939
YP_003296960.1,F569,G536,5.5647,7,6,-62.363,-79.86
YP_003296960.1,Y491,G462,3.4931,4,3,59.562,-88.255
YP_003296960.1,W421,G450,3.4122,1,2,57.999,-94.598
YP_002151845.1,F524,G570,3.4851,5,6,68.623,-89.715
YP_002151845.1,Y515,G486,3.6977,4,3,62.879,-86.975
YP_002151845.1,Y534,G560,3.7006,5,6,63.491,-87.411
YP_002151845.1,W445,G474,3.539,1,2,55.935,-93.326
YP_003940212.1,F689,G735,3.6544,5,6,72.797,-87.924
YP_003940212.1,Y674,G642,3.7147,4,3,63.404,-87.006
YP_003940212.1,Y670,G697,5.1717,4,5,-55.694,-95.694
YP_003940212.1,Y749,G782,3.6908,8,9,66.742,-93.944
YP_003940212.1,Y853,G835,4.6279,11,10,-61.362,-97.807
YP_003940212.1,W600,G626,3.6589,1,2,65.141,-87.564
YP_003940212.1,W600,G625,4.7618,1,2,65.141,-87.564
YP_003940212.1,W801,G837,3.3798,9,10,58.586,-98.909
YP_001607622.1,F530,G576,3.5892,5,6,73.937,-86.773
YP_001607622.1,F675,G663,5.1262,10,9,63.164,-87.954
YP_001607622.1,Y521,G492,3.549,4,3,61.873,-85.928
YP_001607622.1,Y649,G624,4.6459,9,8,-59.492,-100.607
YP_001607622.1,W451,G480,3.4477,1,2,60.694,-96.762
YP_001399931.1,F530,G576,3.5564,5,6,73.737,-82.819
YP_001399931.1,F675,G663,5.104,10,9,63.082,-89.232
YP_001399931.1,Y521,G492,3.5895,4,3,62.027,-86.836
YP_001399931.1,Y649,G624,4.6039,9,8,-61.108,-99.763
YP_001399931.1,W451,G480,3.436,1,2,60.065,-94.708
YP_001452019.1,F2141,G2111,5.1557,5,4,-55.814,-92.207
YP_001452019.1,F2246,G2281,3.8079,9,10,72.925,-92.784
YP_001452019.1,Y2117,G2084,3.5268,4,3,65.737,-94.045
YP_001452019.1,Y2131,G2167,3.6134,5,6,74.747,-96.122
YP_001452019.1,W2038,G2067,3.5695,1,2,59.112,-98.628
YP_001452019.1,W2038,G2068,5.1702,1,2,59.112,-98.628
YP_001452019.1,W2135,G2162,5.4365,5,6,55.469,-99.694
YP_001452019.1,W2293,G2313,3.4943,11,12,65.333,99.663
YP_003045352.1,F1090,G1060,4.8721,5,4,-59.647,-98.28
YP_003045352.1,W1080,G1116,3.3736,5,6,57.599,-97.749
YP_606687.1,F4507,G4472,3.6388,6,5,61.642,-89.38
YP_606687.1,F4524,G4560,3.7805,7,8,72.1,-88.044
YP_606687.1,Y4459,G4430,3.6094,4,3,56.505,-92.818
YP_606687.1,W4389,G4418,3.684,1,2,62.137,-91.193
YP_349485.1,F3355,G3320,3.6725,6,5,58.103,-89.292
YP_349485.1,F3372,G3408,3.8028,7,8,72.456,-88.438
YP_349485.1,Y3307,G3278,3.5483,5,4,58.779,-91.99
YP_349485.1,W3237,G3266,3.5219,1,2,61.986,-91.752
YP_002147273.1,F3250,G3285,3.2743,9,10,71.653,-82.414
YP_002147273.1,Y3072,G3055,3.7509,1,2,64.783,-96.449
YP_002147273.1,Y3131,G3094,3.5061,4,3,66.905,-96.176
YP_002147273.1,Y3145,G3181,3.6352,5,6,72.082,-95.065
YP_002147273.1,W3049,G3078,3.6688,1,2,58.157,-92.182
YP_002147273.1,W3050,G3079,5.4689,1,2,58.157,-92.182
YP_002382104.1,F1094,G1064,4.7612,5,4,-60.656,-99.781
YP_002382104.1,W1084,G1120,3.3651,5,6,57.212,-97.479
YP_001913314.1,F2580,G2617,3.8108,7,9,72.63,-89.799
YP_001913314.1,Y2514,G2485,3.6614,4,3,65.324,-89.657
YP_001913314.1,Y2631,G2675,3.6645,9,10,62.807,-86.473
YP_001913314.1,Y2533,G2508,5.116,5,4,-59.485,-72.993
YP_001913314.1,W2444,G2473,3.5812,1,2,58.617,-94.568
YP_363834.1,F3344,G3336,4.9648,10,9,60.844,-87.283
YP_363834.1,F3266,G3303,3.9121,7,8,73.373,-90.223
YP_363834.1,Y3200,G3171,3.6943,4,3,67.286,-85.922
YP_363834.1,Y3317,G3361,3.6572,9,10,62.6,-88.2
YP_363834.1,Y3219,G3194,5.1888,5,4,-59.174,-72.803
YP_363834.1,W3130,G3159,3.5651,1,2,59.059,-95.571
YP_653267.1,F3534,G3504,5.261,5,4,-54.176,-93.254
YP_653267.1,F3633,G3668,3.7253,9,10,70.912,-94.569
YP_653267.1,Y3510,G3477,3.587,4,3,66.393,-94.92
YP_653267.1,W3431,G3460,3.5546,1,2,58.798,-98.711
YP_653267.1,W3680,G3700,3.5259,11,12,69.111,98.325
YP_653267.1,W3431,G3461,5.2016,1,2,58.798,-98.711
YP_071794.1,F3535,G3505,5.2267,5,4,-55.051,-93.32
YP_071794.1,F3634,G3669,3.757,9,10,70.992,-94.523
YP_071794.1,Y3511,G3478,3.5406,4,3,66.066,-94.891
YP_071794.1,W3432,G3461,3.5475,1,2,57.686,-98.455
YP_071794.1,W3432,G3462,5.1811,1,2,57.686,-98.455
YP_071794.1,W3681,G3701,3.531,11,12,67.698,98.334
NP_838462.1,Y1045,G1033,3.6684,1,2,56.227,-93.824
NP_838462.1,Y1093,G1066,3.7312,4,3,65.076,-89.667
NP_838462.1,W1027,G1051,3.4827,1,2,59.136,-94.87
NP_838462.1,W1151,G1196,3.5266,7,8,53.471,-100.231
YP_001201881.1,F680,G719,3.5024,5,6,68.176,-90.842
YP_001201881.1,F680,G718,5.1153,5,6,68.176,-90.842
YP_001201881.1,Y671,G644,3.712,4,3,67.541,-84.436
YP_001201881.1,Y793,G768,4.5925,9,8,-64.507,-94.582
YP_001201881.1,W603,G632,3.549,1,2,56.678,-95.494
YP_003367548.1,F1148,G1193,3.741,7,8,68.389,-93.958
YP_003367548.1,Y1090,G1063,3.7989,4,3,63.834,-93.039
YP_003367548.1,W1024,G1048,3.5144,1,2,58.177,-94.252
YP_003367548.1,W1042,G1030,3.7709,1,2,67.292,89.968
YP_002933760.1,F2455,G2493,3.4882,5,6,66.122,-94.559
YP_002933760.1,F2503,G2548,3.6169,7,8,65.586,-93.257
YP_002933760.1,Y2396,G2384,4.0479,2,1,53.014,-92.519
YP_002933760.1,Y2445,G2418,3.6716,4,3,59.631,-91.614
YP_002933760.1,W2378,G2402,3.5953,1,2,61.422,-90.18
YP_002475909.1,F542,G531,3.5441,2,1,61.273,-94.029
YP_002475909.1,F542,G530,5.3823,2,1,61.273,-94.029
YP_002475909.1,Y592,G563,3.7414,4,3,63.86,-89.693
YP_002475909.1,Y653,G694,5.3566,7,8,69.368,-93.123
YP_002475909.1,W525,G548,3.5118,1,2,58.98,-91.111
YP_002475909.1,W707,G743,3.4958,9,10,65.246,-88.68
YP_001882815.1,Y1045,G1033,3.7565,2,1,58.151,-94.353
YP_001882815.1,Y1093,G1066,3.7912,4,3,65.59,-90.173
YP_001882815.1,Y1103,G1141,3.866,5,6,74.453,-87.05
YP_001882815.1,W1027,G1051,3.5146,1,2,59.235,-94.466
YP_001882815.1,W1151,G1196,3.5783,7,8,53.96,-100.306
YP_001006295.1,Y663,G630,3.5442,4,3,65.616,-93.017
YP_001006295.1,Y677,G713,3.6809,5,6,72.385,-93.182
YP_001006295.1,Y787,G822,3.584,9,10,67.227,-91.97
YP_001006295.1,W584,G612,4.8001,1,2,58.658,-93.7788
YP_001006295.1,W584,G613,3.6665,1,2,58.658,-93.7788
YP_001006295.1,W584,G614,5.5993,1,2,58.658,-93.7788
YP_001006295.1,W834,G854,3.4773,11,12,66.584,99.548
NP_246656.1,F677,G647,4.9763,5,4,-54.656,-91.518
NP_246656.1,Y653,G621,3.535,4,3,63.081,-95.864
NP_246656.1,Y778,G813,3.7354,9,10,63.601,-93.503
NP_246656.1,W580,G609,3.4226,1,2,61.78,-96.278
NP_246656.1,W825,G845,3.461,11,12,67.328,99.722
YP_312039.1,Y1045,G1033,3.8488,2,1,55.944,-94.942
YP_312039.1,Y1093,G1066,3.7344,4,3,65.515,-89.712
YP_312039.1,W1027,G1051,3.4706,1,2,60.095,-93.868
YP_312039.1,W1151,G1196,3.951,7,8,53.853,-99.248
YP_002268480.1,Y1060,G1048,3.7371,2,1,58.004,-90.884
YP_002268480.1,Y1108,G1081,3.6871,4,3,64.04,-90.972
YP_002268480.1,W1042,G1066,3.5008,1,2,59.495,-94.38
YP_002268480.1,W1166,G1211,3.56,7,8,53.48,-99.61
YP_003016080.1,F520,G503,3.6785,2,1,63.614,-89.872
YP_003016080.1,F520,G502,5.3852,2,1,63.614,-89.872
YP_003016080.1,F501,G521,5.1629,1,2,68.568,-83.945
YP_003016080.1,F501,G522,3.6927,1,2,68.568,-83.945
YP_003016080.1,F578,G621,3.5425,5,6,64.893,-96.813
YP_003016080.1,F691,G738,3.6514,9,10,69.619,-92.079
YP_003016080.1,Y569,G539,4.9623,4,3,63.862,-90.513
YP_003016080.1,Y569,G538,3.6235,4,3,63.862,-90.513
YP_003016080.1,W497,F526,3.5246,1,2,57.187,-92.325
YP_001178096.1,F719,G702,3.7067,2,1,61.492,-89.72
YP_001178096.1,F719,G701,5.1975,2,1,61.492,-89.72
YP_001178096.1,F700,G721,3.9154,1,2,66.974,-86.347
YP_001178096.1,F700,G720,5.8459,1,2,66.974,-86.347
YP_001178096.1,F889,G936,3.6883,9,10,74.484,-90.674
YP_001178096.1,Y777,G820,3.4362,5,6,68.868,-101.228
YP_001178096.1,Y768,G737,3.6127,4,3,60.338,-91.445
YP_001178096.1,W696,G725,3.6925,1,2,61.052,-87.992
YP_003364053.1,F720,G739,3.6284,1,2,65.239,-90.292
YP_003364053.1,F795,G835,3.5473,5,6,70.782,-88.272
YP_003364053.1,Y733,G726,3.8369,2,1,63.848,-90.673
YP_003364053.1,Y785,G758,3.7681,4,3,61.526,-92.748
YP_003364053.1,Y849,G883,3.6735,7,8,68.877,-92.689
YP_003364053.1,Y845,G887,3.5556,7,8,67.658,-92.434
YP_003364053.1,Y901,G936,3.4529,9,10,61.865,-92.76
YP_003364053.1,Y948,G968,3.5543,11,12,55.998,-90.847
YP_003364053.1,W716,G743,3.4654,1,2,60.524,-92.361
YP_309360.1,F709,G728,3.6087,1,2,65.466,-90.408
YP_309360.1,F784,G824,3.5964,5,6,73.027,-87.781
YP_309360.1,Y722,G715,3.8932,2,1,62.792,-90.141
YP_309360.1,Y774,G747,3.7783,4,3,61.674,-93.823
YP_309360.1,Y838,G872,3.701,7,8,69.017,-93.572
YP_309360.1,Y834,G876,3.6305,7,8,69.602,-92.46
YP_309360.1,Y890,G925,3.452,9,10,62.617,-94.55
YP_309360.1,Y937,G957,3.5921,11,12,56.043,-90.372
YP_309360.1,W705,G732,3.4261,1,2,59.883,-92.829
YP_002145354.1,F737,G756,3.6541,1,2,64.881,-90.232
YP_002145354.1,F812,G852,3.5304,5,6,70.544,-89.598
YP_002145354.1,Y750,G743,3.796,2,1,61.561,-94.486
YP_002145354.1,Y802,G775,3.7575,4,3,61.979,-93.557
YP_002145354.1,Y866,G900,3.7136,7,8,68.848,-93.111
YP_002145354.1,Y862,G904,3.6023,7,8,67.943,-91.667
YP_002145354.1,Y918,G953,3.4787,9,10,60.702,-93.851
YP_002145354.1,Y965,G985,3.601,11,12,55.058,-92.141
YP_002145354.1,W733,G760,3.4788,1,2,60.634,-92.594
YP_002401499.1,F709,G728,3.6491,1,2,64.901,-89.954
YP_002401499.1,F784,G824,3.5913,5,6,72.501,-87.255
YP_002401499.1,Y722,G715,3.8393,2,1,64.487,-90.438
YP_002401499.1,Y774,G747,3.8189,4,3,61.8,-94.607
YP_002401499.1,Y838,G872,3.6876,7,8,68.421,-93.454
YP_002401499.1,Y834,G876,3.6276,7,8,68.667,-92.421
YP_002401499.1,Y890,G925,3.5312,9,10,66.795,-92.228
YP_002401499.1,Y937,G957,3.5171,11,12,56.188,-91.008
YP_002401499.1,W705,G732,3.4625,1,2,60.466,-92.532
YP_001438999.1,F671,G690,3.6255,1,2,65.274,-89.058
YP_001438999.1,F746,G786,3.4977,5,6,71.536,-88.901
YP_001438999.1,Y684,G677,3.8875,2,1,64.57,-91.252
YP_001438999.1,Y736,G709,3.6007,4,3,61.813,-90.546
YP_001438999.1,Y800,G834,3.8522,7,8,69.09,-94.421
YP_001438999.1,Y796,G838,3.5582,7,8,66.062,-94.474
YP_001438999.1,Y852,G888,3.5695,9,10,58.515,-92.392
YP_001438999.1,Y853,G889,4.6213,9,10,58.515,-92.392
YP_001438999.1,Y900,G920,3.6419,11,12,58.751,-88.425
YP_001438999.1,W667,G694,3.3875,1,2,58.901,-92.863
YP_003611639.1,F690,G709,3.6279,1,2,66.366,-89.035
YP_003611639.1,F765,G805,3.611,5,6,71.794,-86.885
YP_003611639.1,Y755,G728,3.8609,4,3,60.959,-93.144
YP_003611639.1,Y755,G729,4.765,4,3,60.959,-93.144
YP_003611639.1,Y819,G853,3.7118,7,8,69.33,-94.032
YP_003611639.1,Y815,G857,3.6292,7,8,69.204,-92.186
YP_003611639.1,Y871,G906,3.5042,9,10,60.294,-94.373
YP_003611639.1,Y918,G938,3.5883,11,12,56.173,-90.91
YP_003611639.1,W686,G713,3.4135,1,2,60.762,-92.876
YP_001973235.1,F772,G795,3.5341,5,6,64.892,-87.581
YP_001973235.1,F772,G794,4.7874,5,6,64.892,-87.581
YP_001973235.1,F797,G770,3.6421,6,5,65.044,-92.209
YP_001973235.1,Y753,G724,3.4966,4,3,56.977,-84.922
YP_001973235.1,Y762 ,G804,4.8468,5,6,73.22,-87.221
YP_001973235.1,Y762 ,G805,3.618,5,6,73.22,-87.221
YP_001973235.1,Y818,G856,3.6942,7,8,65.603,-89.352
YP_001973235.1,W687,G712,3.6194,1,2,62.099,-89.407
YP_003376995.1,F797,G770,3.4997,6,5,61.56,-92.754
YP_003376995.1,Y753,G726,3.4216,4,3,57.058,-85.62
YP_003376995.1,Y753,G725,5.79,4,3,57.058,-85.62
YP_003376995.1,Y772,G795,3.5988,5,6,69.11,-92.191
YP_003376995.1,Y762 ,G805,3.6648,5,6,71.234,-91.755
YP_003376995.1,Y818,G856,3.5652,7,8,66.532,-88.455
YP_003376995.1,W689,G714,3.5169,1,2,60.077,-92.263
YP_003376995.1,W814,G760,3.4544,7,8,59.841,-91.375
NP_641684.2,Y750,G721,3.4378,4,3,59.512,-84.794
NP_641684.2,Y759,G802,3.8349,5,6,73.922,-88.517
NP_641684.2,Y794,G767,3.7413,6,5,70.196,-91.952
NP_641684.2,Y815,G853,3.5915,7,8,65.523,-90.985
NP_641684.2,Y868,G908,3.9488,9,10,72.953,-82.976
NP_641684.2,W684,G709,3.5823,1,2,61.72,-91.45
YP_243235.1,F806,G844,3.7316,7,8,70.983,-88.515
YP_243235.1,Y694,G682,3.8189,2,1,74.403,-83.157
YP_243235.1,Y744,G715,3.5067,4,3,53.894,-88.603
YP_243235.1,Y753,G796,3.5556,5,6,67.199,-92.26
YP_243235.1,Y840,G810,3.8143,8,7,70.078,-86.842
YP_243235.1,Y914,G934,3.5963,11,12,62.591,-87.611
YP_243235.1,W674,G702,3.5843,1,2,58.739,-90.052
YP_200521.1,Y746,G717,3.4872,4,3,57.951,-84.406
YP_200521.1,Y790,G763,3.7192,6,5,69.227,-91.856
YP_200521.1,Y755,G798,3.8802,5,6,73.832,-87.452
YP_200521.1,Y811,G849,3.6433,7,8,65.208,-90.639
YP_200521.1,W680,G705,3.5617,1,2,60.328,-91.484
NP_297560.2,F845,G818,3.6459,6,5,69.302,-90.128
NP_297560.2,F820,G843,3.5176,5,6,67.19,-91.527
NP_297560.2,Y801,G772,3.5057,4,3,56.608,-86.935
NP_297560.2,Y866,G904,3.5916,7,8,66.725,-87.866
NP_297560.2,Y919,G960,3.8707,9,10,72.273,-82.74
NP_297560.2,W735,G760,3.4393,1,2,56.432,-93.902
YP_002437932.1,F437,G410,4.8693,4,3,65.328,-94.784
YP_002437932.1,F437,G409,3.6708,4,3,65.328,-94.784
YP_002437932.1,F622,G642,3.6531,11,12,73.819,-91.064
YP_002437932.1,Y565,G610,3.5925,9,10,57.936,-87.32
YP_002437932.1,W447,G496,3.5471,5,6,59.571,-84.793
YP_002437932.1,W447,G495,4.6072,5,6,59.571,-84.793
YP_001669095.1,F842,G807,3.7045,6,5,65.359,-96.126
YP_001669095.1,F859,G896,3.6567,7,8,70.708,-91.125
YP_001669095.1,Y794,G767,3.6005,4,3,63.45,-88.761
YP_001669095.1,Y834,G815,3.73,6,5,65.264,-91.453
YP_001669095.1,W726,G755,3.4821,1,2,57.883,-93.315
YP_273072.1,F741,G762,3.8438,1,2,69.229,-85.51
YP_273072.1,F741,G761,5.6706,1,2,69.229,-85.51
YP_273072.1,F872,G909,3.6421,7,8,69.929,-89.167
YP_273072.1,Y780,G805,3.6181,3,4,74.664,-86.242
YP_273072.1,Y807,G778,3.741,4,3,62.989,-84.131
YP_273072.1,Y807,G777,5.9778,4,3,62.989,-84.131
YP_273072.1,Y926,G969,3.5422,9,10,60.939,-93.561
YP_273072.1,W737,G766,3.5532,1,2,60.001,-90.466
YP_001829270.1,Y535,G508,3.5086,4,3,68.48,-92.138
YP_001829270.1,Y548,G589,3.7617,5,6,69.785,-91.087
YP_001829270.1,Y638,G605,3.6245,8,7,62.197,-90.663
YP_001829270.1,Y638,G606,5.1322,8,7,62.197,-90.663
YP_608979.1,F436,G417,3.5318,4,3,63.24,-94.087
YP_608979.1,F453,G494,3.5318,5,6,67.895,-96.926
YP_608979.1,W372,G401,3.5479,1,2,54.381,-98.207
NP_873714.1,F405,G371,4.3756,3,2,-67.914,-85.384
NP_873714.1,F490,G527,3.6644,7,8,67.556,-88.403
NP_873714.1,Y422,G393,3.5164,4,3,57.319,-91.104
NP_873714.1,Y434,G477,3.7238,5,6,71.056,-92.505
NP_873714.1,Y606,G626,3.6989,11,12,69.612,-92.049
NP_873714.1,W353,G381,3.5227,1,2,61.945,-89.854
YP_001605630.1,F488,G515,3.586,1,2,64.888,-94.405
YP_001605630.1,F567,G609,3.726,5,6,65.502,-96.868
YP_001605630.1,F575,G601,3.213,5,6,69.367,-88.307
YP_001605630.1,Y492,G511,3.6284,1,2,66.302,-86.877
YP_001605630.1,Y496,G507,3.705,1,2,57.659,-81.676
YP_001399515.1,F488,G515,3.5801,1,2,65.034,-93.969
YP_001399515.1,F567,G609,3.691,5,6,66.645,-96.05
YP_001399515.1,Y492,G511,3.6254,1,2,66.115,-87.261
YP_001399515.1,Y496,G507,3.6442,1,2,57.081,-84.921
YP_001438170.1,Y2105,G2082,3.9156,2,1,73.006,-85.117
YP_001438170.1,Y2160,G2127,3.5014,4,3,62.598,-94.531
YP_001438170.1,Y2129,G2158,3.549,4,3,63.63,-97.312
YP_001438170.1,W2076,G2111,3.649,1,2,56.695,-94.394
YP_001438170.1,W2170,G2206,3.6111,5,6,60.259,-96.746
YP_001438170.1,W2274,G2317,3.7752,9,10,57.067,-93.185
YP_001165480.1,F1402,G1372,5.0725,5,4,-55.725,-91.206
YP_001165480.1,F1507,G1542,3.7069,9,10,73.438,-93.056
YP_001165480.1,Y1378,G1345,3.458,4,3,66.092,-96.01
YP_001165480.1,W1299,G1328,3.4898,1,2,58.579,-98.862
YP_001165480.1,W1299,G1329,5.1629,1,2,58.579,-98.862
YP_001165480.1,W1554,G1574,3.4541,11,12,61.269,96.226
YP_669320.1,F2438,G2449,3.7988,11,12,72.926,-85.589
YP_669320.1,Y2325,G2363,3.6081,7,8,63.187,-86.52
YP_004119104.1,Y1161 ,G1139,3.718,2,1,67.908,-94.048
YP_004119104.1,Y1217,G1183,3.6357,4,3,62.887,-92.853
YP_004119104.1,Y1185,G1215,3.6899,3,4,67.658,-95.304
YP_004119104.1,Y1185,G1214,5.8266,3,4,67.658,-95.304
YP_004119104.1,Y1399,G1385,3.9363,12,11,71.854,-87.544
YP_004119104.1,W1133,G1167,3.527,1,2,57.267,-97.239
YP_004119104.1,W1133,G1168,5.1157,1,2,57.267,-97.239
YP_004119104.1,W1326,G1368,4.8661,9,10,57.296,-90.868
YP_004119104.1,W1326,G1369,3.7802,9,10,57.296,-90.868
YP_608716.1,Y455,G477,3.8183,1,2,54.781,-91.133
YP_608716.1,Y535,G498,3.4724,4,3,63.189,-90.205
YP_608716.1,Y500,G533,3.55,3,4,67.303,-95.301
YP_608716.1,Y545,G581,3.8549,5,6,73.466,-89.578
YP_608716.1,Y646,G683,3.6397,9,10,72.221,-90.353
YP_608716.1,Y675,G654,4.0421,10,9,63.73,-87.513
YP_608716.1,Y673,G657,3.4725,10,9,61.411,-92.062
YP_608716.1,W451,G481,3.4323,1,2,59.657,-94.566
YP_001669027.1,Y551,G573,3.7287,1,2,55.439,-90.114
YP_001669027.1,Y631,G594,3.4165,4,3,63.101,-91.335
YP_001669027.1,Y596,G629,3.6088,3,4,69.011,-92.376
YP_001669027.1,Y641,G677,3.7975,5,6,74.218,-90.993
YP_001669027.1,Y771,G750,4.2338,10,9,70.263,-86.66
YP_001669027.1,Y742,G779,3.5778,9,10,72.069,-93.62
YP_001669027.1,W547,G577,3.4425,1,2,58.743,-93.637
YP_235569.1,F648,G670,3.8121,1,2,59.273,-86.695
YP_235569.1,F668,G649,5.193,2,1,69.357,-104.824
YP_235569.1,F693,G726,3.5588,3,4,67.895,-96.568
YP_235569.1,Y728,G691,3.4289,4,3,60.865,-90.624
YP_235569.1,Y738,G774,3.8192,5,6,74.085,-88.383
YP_235569.1,Y838,G875,3.4355,9,10,63.371,-93.47
YP_235569.1,W644,G674,3.5054,1,2,56.076,-91.33
YP_002245370.1,Y1792,G1830,3.647,7,8,60.529,-89.348
YP_002245370.1,Y1905,G1916,3.8333,11,12,72.411,-87.861
NP_708765.1,Y776,G754,4.0236,2,1,71.636,-87.169
NP_708765.1,Y776,G753,5.2771,2,1,71.636,-87.169
NP_708765.1,Y831,G798,3.4668,4,3,61.975,-92.643
NP_708765.1,Y800,G829,3.5719,3,4,65.894,-91.934
NP_708765.1,Y800,G830,5.5686,3,4,65.894,-91.934
NP_708765.1,W842,G877,3.5654,5,6,60.096,-96.101
NP_708765.1,W961,G1003,3.5408,9,10,56.576,-92.796
YP_001973701.1,F784,G817,3.5696,3,4,66.683,-87.969
YP_001973701.1,Y819,G782,3.3774,4,3,62.83,-91.707
YP_001973701.1,Y829,G865,3.8543,5,6,73.966,-86.266
YP_001973701.1,Y931,G967,3.5006,9,10,67.022,-92.385
YP_001973701.1,Y979,G1004,3.3015,11,12,56.931,-89.813
YP_001973701.1,W736,G766,3.3959,1,2,59.51,-96.17
YP_001973701.1,W877,G919,5.5725,7,8,66.94,90.351
YP_001008199.1,Y900,G860,3.5406,4,3,56.129,-92.357
YP_001008199.1,Y910,G944,3.751,5,6,70.231,-91.287
YP_001008199.1,Y1007,G1043,3.4932,9,10,69.124,-93.664
YP_001008199.1,Y1055,G1076,3.3882,11,12,61.657,-86.721
YP_001008199.1,W816,G843,3.5088,1,2,59.593,-93.91
YP_001608364.1,W803,G830,3.5093,1,2,59.423,-93.51
YP_001608364.1,Y887,G847,3.4363,4,3,56.542,-92.979
YP_001608364.1,Y897,G931,3.7732,5,6,69.363,-92.435
YP_001608364.1,Y996,G1032,3.5033,9,10,63.734,-93.837
YP_001608364.1,Y1044,G1065,3.3776,11,12,57.111,-85.732
YP_001402999.1,Y884,G844,3.4713,4,3,55.961,-92.395
YP_001402999.1,Y894,G928,3.8101,5,6,69.737,-92.706
YP_001402999.1,Y993,G1029,3.4918,9,10,63.852,-94.578
YP_001402999.1,Y1041,G1062,3.3894,11,12,57.484,-84.811
YP_001402999.1,W800,G827,3.4297,1,2,58.955,-93.593
YP_123109.1,F1636,G1654,5.5361,1,2,-53.892,-63.923
YP_123109.1,F1858,G1842,4.8777,11,10,-71.164,-83.745
YP_123109.1,Y1613,G1634,3.7729,1,2,69.838,-83.105
YP_123109.1,Y1679,G1650,3.6283,4,3,65.242,-90.367
YP_123109.1,Y1688,G1731,3.5274,5,6,67.425,-92.835
YP_123109.1,W1609,G1638,3.459,1,2,60.03,-89.23
YP_001970885.1,F3612,G3598,5.0038,11,10,-61.749,-86.59
YP_001970885.1,Y3435,G3406,3.4883,4,3,60.514,-84.682
YP_001970885.1,Y3455,G3429,4.1486,5,4,-74.005,-99.135
YP_001970885.1,Y3499,G3536,3.9743,7,8,71.842,-85.596
YP_001970885.1,W3365,G3394,3.3867,1,2,59.331,-96.382
YP_001053073.1,F749,G789,3.5534,5,6,65.669,-93.295
YP_001053073.1,Y855,G897,3.7223,9,10,70.503,-90.073
YP_001053073.1,W679,G700,3.5346,1,2,70.959,95.083
YP_003008278.1,F930,G902,3.7079,6,5,69.887,-89.172
YP_003008278.1,F864,G886,3.748,3,4,72.084,-89.411
YP_003008278.1,Y888,G862,3.723,4,3,57.228,-91.032
YP_003008278.1,Y948,G981,3.6702,7,8,69.079,-89.466
YP_003008278.1,W827,G850,3.4432,1,2,57.562,-98.306
YP_001439458.1,F863,G828,3.5496,6,5,67.256,-90.29
YP_001439458.1,F880,G917,3.7396,7,8,74.658,-86.252
YP_001439458.1,Y815,G787,3.6909,4,3,64.595,-80.78
YP_001439458.1,W746,G775,3.5023,1,2,60.743,-93.825
YP_002152059.1,F859,G883,3.6001,3,4,72.355,-88.983
YP_002152059.1,F934,G899,3.5464,6,5,65.659,-92.415
YP_002152059.1,Y885,G857,3.6604,4,3,62.915,-87.192
YP_002152059.1,Y952,G989,3.5852,7,8,70.196,-93.479
YP_002152059.1,W818,G845,3.4515,1,2,59.839,-95.134
YP_002439102.1,F843,G808,3.5652,6,5,58.687,-90.347
YP_002439102.1,F860,G897,3.5767,7,8,70.797,-87.548
YP_002439102.1,Y795,G765,3.5834,4,3,60.117,-91.98
YP_002439102.1,W723,G753,3.4935,1,2,63.542,-89.677
YP_608589.1,F847,G812,3.5877,6,5,68.999,-92.718
YP_608589.1,F864,G901,3.6163,7,8,71.05,-89.735
YP_608589.1,Y799,G770,3.7474,4,3,53.112,-90.71
YP_608589.1,W729,G758,3.3444,1,2,59.927,-93.438
YP_348414.1,F831,G796,3.6639,6,5,57.288,-89.402
YP_348414.1,F848,G885,3.6464,7,8,69.984,-91.774
YP_348414.1,Y783,G753,3.6674,4,3,59.242,-93.191
YP_348414.1,W712,G741,3.5133,1,2,61.948,-91.536
YP_236802.1,F886,G851,3.682,6,5,50.391,-90.195
YP_236802.1,F903,G940,3.6719,7,8,72.155,-89.141
YP_236802.1,Y838,G808,3.6776,4,3,59.07,-94.621
YP_236802.1,W767,G796,3.495,1,2,60.657,-92.777
YP_001973819.1,F964,G929,3.645,6,5,51.049,-93.299
YP_001973819.1,F964,G928,5.6937,6,5,51.049,-93.299
YP_001973819.1,Y916,G887,3.736,4,3,60.099,-89.824
YP_001973819.1,Y981,G1018,3.8557,7,8,73.026,-86.059
YP_001973819.1,W847,G876,3.5417,1,2,59.212,-93.853
YP_003467674.1,F888,G853,3.5166,6,5,67.616,-91.895
YP_003467674.1,F888,G854,5.9439,6,5,67.616,-91.895
YP_003467674.1,F905,G942,3.5166,7,8,72.94,-88.731
YP_003467674.1,Y840,G812,3.725,4,3,65.465,-81.047
YP_003467674.1,W771,G800,3.4227,1,2,59.267,-94.991
YP_003712486.1,F881,G846,3.4835,6,5,63.92,-88.597
YP_003712486.1,F898,G935,3.7424,7,8,73.208,-87.082
YP_003712486.1,F1026,G1011,3.7862,12,11,64.756,-93.832
YP_003712486.1,Y833,G805,3.5398,4,3,62.645,-86.708
YP_003712486.1,Y953,G997,3.5158,9,10,67.405,-92.076
YP_003712486.1,W764,G793,3.5805,1,2,60.514,-92.429
YP_003364782.1,F730,G753,3.6913,3,4,68.3,-85.387
YP_003364782.1,F779,G791,3.7669,5,6,68.904,-101.075
YP_003364782.1,Y689,G710,3.6361,1,2,60.892,-84.13
YP_003364782.1,Y708,G690,5.3773,2,1,62.189,-91.987
YP_003364782.1,Y708,G691,3.6922,2,1,62.189,-91.987
YP_003364782.1,Y751,G732,3.6177,4,3,56.89,-90.825
YP_003364782.1,Y755,G728,3.7104,4,3,64.856,-86.126
YP_003364782.1,Y818,G860,3.5253,7,8,69.494,-93.403
YP_003364782.1,Y873,G909,3.5969,9,10,61.178,-89.481
YP_003364782.1,Y921,G940,3.3412,11,12,58.543,-86.968
YP_003364782.1,W685,G714,3.4654,1,2,58.161,-94.268
YP_002934619.1,F1459,G1499,3.7123,5,6,73.798,-87.986
YP_002934619.1,F1570,G1608,3.7023,9,10,71.981,-88.398
YP_002934619.1,F1570,G1607,5.0584,9,10,71.981,-88.398
YP_002934619.1,Y1375,G1404,3.5148,1,2,68.404,-87.412
YP_003296907.1,F1465,G1505,3.6092,5,6,72.706,-88.611
YP_003296907.1,F1576,G1614,3.7801,9,10,74.086,-88.668
YP_003296907.1,F1576,G1613,4.8997,9,10,74.086,-88.668
YP_003296907.1,Y1382,G1411,3.4173,1,2,69.957,-86.935
YP_003943616.1,F618,G642,3.7118,3,4,71.028,-83.97
YP_003943616.1,Y644,G616,3.6455,4,3,59.247,-87.875
YP_003943616.1,Y654,G694,3.8834,5,6,74.617,-89.097
YP_003943616.1,Y707,G741,3.6433,7,8,73.501,-86.181
YP_003943616.1,W573,G601,3.55,1,2,64.641,-88.928
YP_003943616.1,W759,G796,3.5304,9,10,62.373,-95.427
YP_002402383.1,Y699,G720,3.6738,1,2,57.634,-84.275
YP_002402383.1,Y718,G700,4.9639,2,1,67.334,-87.103
YP_002402383.1,Y718,G701,3.8201,2,1,67.334,-87.103
YP_002402383.1,Y765,G738,3.7826,4,3,61.685,-88.023
YP_002402383.1,Y740,G763,3.7433,3,4,72.036,-81.831
YP_002402383.1,Y761,G742,3.5965,4,3,55.794,-91.209
YP_002402383.1,Y828,G870,3.546,7,8,70.382,-91.884
YP_002402383.1,Y883,G919,3.5982,9,10,62.949,-89.491
YP_002402383.1,Y931,G950,3.3265,11,12,58.754,-87.449
YP_002402383.1,Y931,G949,5.3152,11,12,58.754,-87.449
YP_002402383.1,W695,G724,3.542,1,2,58.646,-95.344
YP_003929594.1,F744,G767,3.7818,3,4,72.921,-82.481
YP_003929594.1,F793,G805,3.6561,5,6,68.883,-103.732
YP_003929594.1,F934,G953,3.4216,11,12,63.057,-88.761
YP_003929594.1,Y722,G705,3.6472,2,1,65.482,-86.123
YP_003929594.1,Y769,G742,3.7482,4,3,67.117,-86.07
YP_003929594.1,Y832,G874,3.6896,7,8,72.781,91.036
YP_003929594.1,Y887,G923,3.6673,9,10,61.353,-88.52
YP_003929594.1,W699,G728,3.4844,1,2,59.297,-95.651
YP_348628.1,F618,G660,3.5994,7,8,69.67,-89.098
YP_348628.1,Y490,G510,3.7603,1,2,57.161,-86.775
YP_348628.1,Y557,G529,3.6491,4,3,60.525,-88.976
YP_348628.1,Y553,G533,3.4323,4,3,59.457,-91.333
YP_348628.1,Y568,G608,3.7803,5,6,74.986,-86.343
YP_348628.1,Y674,G710,3.6443,9,10,63.968,-93.735
YP_348628.1,W486,G514,3.5457,1,2,60.243,-92.864
YP_001269135.1,F602,G644,3.5843,7,8,70.337,-90.063
YP_001269135.1,Y474,G494,3.7536,1,2,60.689,-86.576
YP_001269135.1,Y541,G513,3.5191,4,3,63.69,-90.449
YP_001269135.1,Y537,G517,3.4838,4,3,60.574,-92.264
YP_001269135.1,Y552,G592,3.7595,5,6,74.298,-85.186
YP_001269135.1,Y606,G640,4.1749,7,8,73.799,-84.542
YP_001269135.1,Y658,G694,3.6372,9,10,56.725,-93.984
YP_001269135.1,W470,G498,3.5472,1,2,58.83,-95.074
YP_235115.1,F603,G645,3.5492,7,8,70.071,-88.967
YP_235115.1,Y475,G495,3.7087,1,2,59.057,-84.598
YP_235115.1,Y542,G514,3.7469,4,3,62.929,-88.283
YP_235115.1,Y553,G593,3.4577,5,6,71.174,-93.78
YP_235115.1,Y607,G641,3.7372,7,8,70.119,-85.217
YP_235115.1,Y659,G695,3.7098,9,10,56.064,-95.33
YP_235115.1,W471,G499,3.5369,1,2,59.468,-92.91
YP_408523.1,F562,G586,3.5214,3,4,68.022,-83.188
YP_408523.1,Y588,G560,3.6468,4,3,61.233,-88.669
YP_408523.1,Y598,G638,3.8406,5,6,74.354,-87.938
YP_408523.1,Y651,G685,3.8453,7,8,69.929,-86.944
YP_408523.1,W517,G545,3.4945,1,2,62.167,-90.23
YP_408523.1,W703,G740,3.5677,9,10,61.363,-92.68
NP_836897.1,Y699,G720,3.6849,1,2,57.561,-82.74
NP_836897.1,Y718,G700,4.9686,2,1,66.44,-87.67
NP_836897.1,Y718,G701,3.7434,2,1,66.44,-87.67
NP_836897.1,Y765,G738,3.7236,4,3,62.572,-87.9
NP_836897.1,Y740,G763,5.1652,3,4,69.243,-87.652
NP_836897.1,Y828,G870,3.5103,7,8,71.264,-91.41
NP_836897.1,Y883,G919,3.5878,9,10,62.344,-89.486
NP_836897.1,Y931,G949,5.3135,11,12,59.687,-87.486
NP_836897.1,Y931,G950,3.3395,11,12,59.687,-87.486
NP_836897.1,W695,G724,3.5188,1,2,56.441,-95.669
NP_836897.1,W695,G725,5.1176,1,2,56.441,-95.669
YP_001605030.1,F1228,G1252,3.5498,3,4,64.345,-87.575
YP_001605030.1,Y1254,G1226,3.7922,4,3,59.971,-96.692
YP_001605030.1,Y1254,G1227,5.245,4,3,59.971,-96.692
YP_001605030.1,Y1264,G1303,3.7056,5,6,68.548,-88.055
YP_001605030.1,Y1316,G1350,3.6146,7,8,67.047,-92.847
YP_001605030.1,Y1368,G1404,3.5989,9,10,62.638,-87.096
YP_001605030.1,W1184,G1211,3.6248,1,2,60.398,-88.766
YP_001400158.1,F904,G928,3.6683,3,4,66.846,-84.599
YP_001400158.1,Y930,G903,5.235,4,3,59.839,-94.451
YP_001400158.1,Y930,G902,3.8259,4,3,59.839,-94.451
YP_001400158.1,Y940,G979,3.7614,5,6,68.907,-91.121
YP_001400158.1,Y988,G1030,3.6612,7,8,74.048,-94.079
YP_001400158.1,Y992,G1026,3.6634,7,8,67.864,-93.326
YP_001400158.1,Y1044,G1080,3.6651,9,10,68.784,-86.574
YP_001400158.1,W860,G887,3.6056,1,2,59.911,-89.051
YP_001400158.1,W860,G888,5.3001,1,2,59.911,-89.051
YP_247967.1,F1214,G1186,3.7786,4,3,71.324,-88.352
YP_247967.1,F1369,G1385,3.4123,11,12,67.212,-95.105
YP_247967.1,Y1270,G1303,3.6821,7,8,72.376,-80.808
YP_247967.1,Y1321,G1356,3.6013,9,10,70.399,-91.301
YP_247967.1,W1147,G1175,3.4596,1,2,56.024,-94.173
YP_001598385.1,F1272,G1244,3.5771,4,3,68.891,-90.174
YP_001598385.1,Y1379,G1414,3.7894,9,10,70.58,-91.93
YP_001598385.1,W1205,G1233,3.5471,1,2,67.868,91.98
YP_001598406.1,F987,G1032,3.5892,9,10,54.939,-91.775
YP_001598406.1,Y882,G921,5.8333,7,8,61.176,-94.555
YP_001598406.1,Y882,G922,3.6689,7,8,61.176,-94.555
YP_001598406.1,Y892,G912,3.6564,7,8,71.203,-88.802
YP_001599931.1,F453,G423,4.8784,5,4,-60.338,-92.425
YP_001599931.1,F552,G586,3.6766,9,10,70.187,-92.364
YP_001599931.1,Y429,G398,3.6242,4,3,68.297,-89.213
YP_001599931.1,Y443,G477,4.6064,5,6,74.961,-87.331
YP_001599931.1,Y443,G478,3.8214,5,6,74.961,-87.331
YP_001599931.1,W354,G382,3.4842,1,2,60.044,-95.151
YP_001599931.1,W354,G383,5.5863,1,2,60.044,-95.151
YP_003082410.1,F1314,G1286,3.5916,4,3,70.532,-93.322
YP_003082410.1,F1323,G1357,3.7147,5,6,70.786,-91.189
YP_003082410.1,Y1270,G1250,3.6065,2,1,64.229,-92.074
YP_003082410.1,Y1369,G1402,3.816,7,8,55.867,-93.219
YP_003082410.1,W1246,G1274,3.3481,1,2,70.507,93.495
YP_003082437.1,F872,G917,6.7738,9,10,-51.93,-81.531
YP_003082437.1,Y767,G807,3.6472,5,6,61.867,-95.652
YP_003082437.1,Y767,G806,5.7905,5,6,61.867,-95.652
YP_003082437.1,Y777,G797,3.6633,5,6,72.348,-88.679
YP_003083873.1,F540,G510,4.6564,5,4,-60.25,-95.751
YP_003083873.1,F639,G673,3.6632,9,10,70.275,-91.566
YP_003083873.1,Y516,G485,3.6356,4,3,69.085,-88.887
YP_003083873.1,Y530,G564,4.5518,5,6,74.839,-86.065
YP_003083873.1,Y530,G565,3.8273,5,6,74.839,-86.065
YP_003083873.1,W441,G469,3.468,1,2,59.574,-96.383
YP_003083873.1,W441,G470,5.4757,1,2,59.574,-96.383
YP_974743.1,Y1391,G1364,5.5642,4,3,74.389,-92.072
YP_974743.1,Y1401,G1435,3.4939,5,6,70.366,-95.234
YP_974743.1,Y1521,G1510,3.6941,10,9,69.748,-81.946
YP_974743.1,Y1521,G1511,5.1992,10,9,69.748,-81.946
YP_974743.1,W1324,G1352,3.515,1,2,58.933,-91.543
YP_975871.1,F986,G1031,3.4345,9,10,51.895,-89.713
YP_975871.1,Y891,G911,3.6689,5,6,71.401,-88.846
YP_975871.1,Y881,G921,3.6133,5,6,62.202,-94.951
YP_975871.1,Y881,G920,5.8159,5,6,62.202,-94.951
NP_273742.1,Y1648,G1682,3.4573,5,6,70.362,-94.388
NP_273742.1,Y1768,G1757,3.7717,10,9,67.358,-79.558
NP_273742.1,Y1768,G1758,5.2557,10,9,67.358,-79.558
NP_273742.1,W1571,G1599,3.5695,1,2,58.937,-91.644
NP_274963.1,Y896,G936,3.6177,5,6,61.823,-95.11
NP_274963.1,Y896,G935,5.7959,5,6,61.823,-95.11
NP_274963.1,Y906,G926,3.6295,5,6,70.537,-89.243
YP_002341952.1,F1271,G1243,3.5709,4,3,68.359,-90.265
YP_002341952.1,Y1327,G1360,3.6648,7,8,64.677,-91.176
YP_002341952.1,Y1378,G1413,3.7224,9,10,71.151,-91.351
YP_002341952.1,W1204,G1232,3.6168,1,2,68.274,91.629
YP_002341970.1,F987,G1032,3.5444,9,10,57.972,-91.386
YP_002341970.1,Y892,G912,3.647,5,6,70.322,-89.153
YP_002341970.1,Y882,G921,5.7644,5,6,62.256,-95.332
YP_002341970.1,Y882,G922,3.5682,5,6,62.256,-95.332
